[
  {
    "id": "be4b7eb0-b5ca-40cd-971d-e020ab928f71",
    "data": [
      {
        "text": "one more ?",
        "userDefined": false
      }
    ],
    "isTemplate": false,
    "count": 0
  },
  {
    "id": "0043f3f3-a41b-42bb-a33d-2326ff388fd0",
    "data": [
      {
        "text": "once more",
        "userDefined": false
      }
    ],
    "isTemplate": false,
    "count": 0
  },
  {
    "id": "a0375026-ad8b-409e-9b0e-6f5fb3eaa1e1",
    "data": [
      {
        "text": "more",
        "userDefined": false
      }
    ],
    "isTemplate": false,
    "count": 0
  },
  {
    "id": "fb2fb84d-4019-4b20-836a-cbfe69abf21f",
    "data": [
      {
        "text": "another",
        "userDefined": false
      }
    ],
    "isTemplate": false,
    "count": 0
  },
  {
    "id": "3c96c542-4046-4f5e-94a2-a455b6852b95",
    "data": [
      {
        "text": "another one",
        "userDefined": false
      }
    ],
    "isTemplate": false,
    "count": 0
  },
  {
    "id": "a0d58900-7879-4074-b614-0659189a30c9",
    "data": [
      {
        "text": "got time for one more",
        "userDefined": false
      }
    ],
    "isTemplate": false,
    "count": 0
  },
  {
    "id": "1a21b743-d74b-4db4-b01d-6fe9ec31c3ab",
    "data": [
      {
        "text": "one more",
        "userDefined": false
      }
    ],
    "isTemplate": false,
    "count": 0
  },
  {
    "id": "5b9ac68c-79dd-4476-9e02-bf16c94eaf6f",
    "data": [
      {
        "text": "just going to say hi",
        "userDefined": false
      }
    ],
    "isTemplate": false,
    "count": 0,
    "updated": 0
  },
  {
    "id": "3d9ac42f-fcae-4e56-9356-5938024238e8",
    "data": [
      {
        "text": "heya",
        "userDefined": false
      }
    ],
    "isTemplate": false,
    "count": 0,
    "updated": 0
  },
  {
    "id": "81970999-b620-4c08-9ec5-6b58ec42d5fd",
    "data": [
      {
        "text": "hello hi",
        "userDefined": false
      }
    ],
    "isTemplate": false,
    "count": 0,
    "updated": 0
  },
  {
    "id": "7a130e7f-12ab-436e-95fa-6110d33444dc",
    "data": [
      {
        "text": "howdy",
        "userDefined": false
      }
    ],
    "isTemplate": false,
    "count": 0,
    "updated": 0
  },
  {
    "id": "c5a870a9-4b73-4a66-b726-fb996471d05b",
    "data": [
      {
        "text": "hey there",
        "userDefined": false
      }
    ],
    "isTemplate": false,
    "count": 0,
    "updated": 0
  },
  {
    "id": "6659610a-f40d-4cd5-8de3-3dc23c282fa3",
    "data": [
      {
        "text": "hi there",
        "userDefined": false
      }
    ],
    "isTemplate": false,
    "count": 1,
    "updated": 0
  },
  {
    "id": "d9e58c21-b159-4fd0-a021-81ac03d37078",
    "data": [
      {
        "text": "greetings",
        "userDefined": false
      }
    ],
    "isTemplate": false,
    "count": 0,
    "updated": 0
  },
  {
    "id": "8aab0a96-8df5-4e1e-8306-020ddea7cccc",
    "data": [
      {
        "text": "hey",
        "userDefined": false
      }
    ],
    "isTemplate": false,
    "count": 0,
    "updated": 0
  },
  {
    "id": "f347f1af-b398-4312-b2d1-cad9da92ddca",
    "data": [
      {
        "text": "long time no see",
        "userDefined": false
      }
    ],
    "isTemplate": false,
    "count": 0,
    "updated": 0
  },
  {
    "id": "4a0f2d98-7c40-429d-a321-303c76f922c9",
    "data": [
      {
        "text": "hello",
        "userDefined": false
      }
    ],
    "isTemplate": false,
    "count": 0,
    "updated": 0
  },
  {
    "id": "75b6269a-fc55-4b7f-aa2a-54c9b7b344ab",
    "data": [
      {
        "text": "lovely day isn\u0027t it",
        "userDefined": false
      }
    ],
    "isTemplate": false,
    "count": 0,
    "updated": 0
  },
  {
    "id": "3af08057-93a7-40a6-bbc1-2523095f333c",
    "data": [
      {
        "text": "I greet you",
        "userDefined": false
      }
    ],
    "isTemplate": false,
    "count": 0,
    "updated": 0
  },
  {
    "id": "419053aa-24eb-4e4c-b762-cd9161a59f22",
    "data": [
      {
        "text": "hello again",
        "userDefined": false
      }
    ],
    "isTemplate": false,
    "count": 0,
    "updated": 0
  },
  {
    "id": "ee0d907b-2036-49b1-8266-5f6c35cfc2da",
    "data": [
      {
        "text": "hi",
        "userDefined": false
      }
    ],
    "isTemplate": false,
    "count": 0,
    "updated": 0
  },
  {
    "id": "9ae696dd-1c80-4d69-9a63-bdbf9433ec59",
    "data": [
      {
        "text": "hello there",
        "userDefined": false
      }
    ],
    "isTemplate": false,
    "count": 0,
    "updated": 0
  },
  {
    "id": "94f8b95a-a090-4b11-91e7-d9299beb4563",
    "data": [
      {
        "text": "a good day",
        "userDefined": false
      }
    ],
    "isTemplate": false,
    "count": 0,
    "updated": 0
  }
]